split,balanced_case_control,threshold_c,horizon_s,cutoff,samples,positive_samples,tp,fp,tn,fn,accuracy,precision,recall,f1,specificity,balanced_accuracy,temperature_mae_c,temperature_rmse_c,persistence_temperature_mae_c
old_development_validation,False,49.0,0.5,0.127205491065979,1455,15,3,10,1430,12,0.9848797250859107,0.23076923076923078,0.2,0.21428571428571427,0.9930555555555556,0.5965277777777778,0.5657647848129272,0.7030710577964783,0.7543391585350037
old_development_validation,False,49.0,2.0,0.2782410979270935,1434,60,36,31,1343,24,0.9616457461645747,0.5373134328358209,0.6,0.5669291338582677,0.9774381368267832,0.7887190684133916,0.5693556070327759,0.7065327167510986,0.7505325675010681
old_development_validation,False,49.0,5.0,0.5790724754333496,1375,150,127,36,1189,23,0.9570909090909091,0.7791411042944786,0.8466666666666667,0.8115015974440895,0.9706122448979592,0.908639455782313,0.5669096112251282,0.7048066258430481,0.7515531778335571
old_development_validation,False,50.0,0.5,0.05967062711715698,2640,25,10,37,2578,15,0.9803030303030303,0.2127659574468085,0.4,0.2777777777777778,0.9858508604206501,0.692925430210325,0.5657647848129272,0.7030710577964783,0.7543391585350037
old_development_validation,False,50.0,2.0,0.21075528860092163,2619,100,57,45,2474,43,0.9663993890798015,0.5588235294117647,0.57,0.5643564356435643,0.982135768161969,0.7760678840809845,0.5693556070327759,0.7065327167510986,0.7505325675010681
old_development_validation,False,50.0,5.0,0.3209575414657593,2560,234,204,180,2146,30,0.91796875,0.53125,0.8717948717948718,0.6601941747572816,0.9226139294926913,0.8972044006437816,0.5669096112251282,0.7048066258430481,0.7515531778335571
old_development_validation,False,51.0,0.5,0.11714458465576172,6961,30,4,7,6924,26,0.9952593018244505,0.36363636363636365,0.13333333333333333,0.1951219512195122,0.9989900447265907,0.566161689029962,0.5657647848129272,0.7030710577964783,0.7543391585350037
old_development_validation,False,51.0,2.0,0.2764160633087158,6940,120,16,39,6781,104,0.9793948126801153,0.2909090909090909,0.13333333333333333,0.18285714285714286,0.9942815249266862,0.5638074291300098,0.5693556070327759,0.7065327167510986,0.7505325675010681
old_development_validation,False,51.0,5.0,0.029132723808288574,6881,300,205,722,5859,95,0.8812672576660369,0.22114347357065803,0.6833333333333333,0.3341483292583537,0.8902902294484121,0.7868117813908727,0.5669096112251282,0.7048066258430481,0.7515531778335571
old_development_validation,True,49.0,0.5,0.127205491065979,30,15,3,0,15,12,0.6,1.0,0.2,0.3333333333333333,1.0,0.6,0.5657647848129272,0.7030710577964783,0.7543391585350037
old_development_validation,True,49.0,2.0,0.2782410979270935,120,60,36,1,59,24,0.7916666666666666,0.972972972972973,0.6,0.7422680412371134,0.9833333333333333,0.7916666666666666,0.5693556070327759,0.7065327167510986,0.7505325675010681
old_development_validation,True,49.0,5.0,0.5790724754333496,300,150,127,5,145,23,0.9066666666666666,0.9621212121212122,0.8466666666666667,0.900709219858156,0.9666666666666667,0.9066666666666667,0.5669096112251282,0.7048066258430481,0.7515531778335571
old_development_validation,True,50.0,0.5,0.05967062711715698,50,25,10,0,25,15,0.7,1.0,0.4,0.5714285714285714,1.0,0.7,0.5657647848129272,0.7030710577964783,0.7543391585350037
old_development_validation,True,50.0,2.0,0.21075528860092163,200,100,57,1,99,43,0.78,0.9827586206896551,0.57,0.7215189873417721,0.99,0.78,0.5693556070327759,0.7065327167510986,0.7505325675010681
old_development_validation,True,50.0,5.0,0.3209575414657593,468,234,204,16,218,30,0.9017094017094017,0.9272727272727272,0.8717948717948718,0.8986784140969163,0.9316239316239316,0.9017094017094017,0.5669096112251282,0.7048066258430481,0.7515531778335571
old_development_validation,True,51.0,0.5,0.11714458465576172,60,30,4,0,30,26,0.5666666666666667,1.0,0.13333333333333333,0.23529411764705882,1.0,0.5666666666666667,0.5657647848129272,0.7030710577964783,0.7543391585350037
old_development_validation,True,51.0,2.0,0.2764160633087158,240,120,16,0,120,104,0.5666666666666667,1.0,0.13333333333333333,0.23529411764705882,1.0,0.5666666666666667,0.5693556070327759,0.7065327167510986,0.7505325675010681
old_development_validation,True,51.0,5.0,0.029132723808288574,600,300,205,30,270,95,0.7916666666666666,0.8723404255319149,0.6833333333333333,0.7663551401869159,0.9,0.7916666666666667,0.5669096112251282,0.7048066258430481,0.7515531778335571
old_untouched_test,False,49.0,0.5,0.127205491065979,3299,45,16,135,3119,29,0.9502879660503183,0.10596026490066225,0.35555555555555557,0.16326530612244897,0.9585125998770744,0.657034077716315,0.5633488297462463,0.7001484632492065,0.7514016032218933
old_untouched_test,False,49.0,2.0,0.2782410979270935,3164,180,129,340,2644,51,0.8764222503160556,0.27505330490405117,0.7166666666666667,0.3975346687211094,0.886058981233244,0.8013628239499553,0.5624686479568481,0.699402928352356,0.7509863972663879
old_untouched_test,False,49.0,5.0,0.5790724754333496,2894,450,352,373,2071,98,0.8372494816862474,0.48551724137931035,0.7822222222222223,0.5991489361702128,0.8473813420621932,0.8148017821422078,0.5667436718940735,0.7053057551383972,0.7535503506660461
old_untouched_test,False,50.0,0.5,0.05967062711715698,14036,50,29,828,13158,21,0.9395126816756911,0.0338389731621937,0.58,0.0639470782800441,0.9407979407979408,0.7603989703989704,0.5633488297462463,0.7001484632492065,0.7514016032218933
old_untouched_test,False,50.0,2.0,0.21075528860092163,13901,197,122,1296,12408,75,0.9013740018703691,0.08603667136812412,0.6192893401015228,0.15108359133126936,0.9054290718038529,0.7623592059526878,0.5624686479568481,0.699402928352356,0.7509863972663879
old_untouched_test,False,50.0,5.0,0.3209575414657593,13631,461,400,3380,9790,61,0.7475607072115031,0.10582010582010581,0.8676789587852495,0.18863475595378448,0.7433561123766135,0.8055175355809314,0.5667436718940735,0.7053057551383972,0.7535503506660461
old_untouched_test,False,51.0,0.5,0.11714458465576172,58891,35,0,321,58535,35,0.9939549336910564,0.0,0.0,0.0,0.9945460106021476,0.4972730053010738,0.5633488297462463,0.7001484632492065,0.7514016032218933
old_untouched_test,False,51.0,2.0,0.2764160633087158,58726,140,28,999,57587,112,0.9810816333480912,0.027263875365141188,0.2,0.04798628963153385,0.9829481446079268,0.5914740723039634,0.5624686479568481,0.699402928352356,0.7509863972663879
old_untouched_test,False,51.0,5.0,0.029132723808288574,58396,350,344,9903,48143,6,0.8303137201178162,0.033570801210110274,0.9828571428571429,0.06492403510427479,0.8293939289528994,0.9061255359050211,0.5667436718940735,0.7053057551383972,0.7535503506660461
old_untouched_test,True,49.0,0.5,0.127205491065979,90,45,16,0,45,29,0.6777777777777778,1.0,0.35555555555555557,0.5245901639344263,1.0,0.6777777777777778,0.5633488297462463,0.7001484632492065,0.7514016032218933
old_untouched_test,True,49.0,2.0,0.2782410979270935,360,180,129,25,155,51,0.7888888888888889,0.8376623376623377,0.7166666666666667,0.7724550898203593,0.8611111111111112,0.788888888888889,0.5624686479568481,0.699402928352356,0.7509863972663879
old_untouched_test,True,49.0,5.0,0.5790724754333496,900,450,352,58,392,98,0.8266666666666667,0.8585365853658536,0.7822222222222223,0.8186046511627907,0.8711111111111111,0.8266666666666667,0.5667436718940735,0.7053057551383972,0.7535503506660461
old_untouched_test,True,50.0,0.5,0.05967062711715698,100,50,29,3,47,21,0.76,0.90625,0.58,0.7073170731707317,0.94,0.76,0.5633488297462463,0.7001484632492065,0.7514016032218933
old_untouched_test,True,50.0,2.0,0.21075528860092163,394,197,122,15,182,75,0.7715736040609137,0.8905109489051095,0.6192893401015228,0.7305389221556886,0.9238578680203046,0.7715736040609137,0.5624686479568481,0.699402928352356,0.7509863972663879
old_untouched_test,True,50.0,5.0,0.3209575414657593,922,461,400,116,345,61,0.8080260303687635,0.7751937984496124,0.8676789587852495,0.8188331627430911,0.7483731019522777,0.8080260303687636,0.5667436718940735,0.7053057551383972,0.7535503506660461
old_untouched_test,True,51.0,0.5,0.11714458465576172,70,35,0,0,35,35,0.5,,0.0,0.0,1.0,0.5,0.5633488297462463,0.7001484632492065,0.7514016032218933
old_untouched_test,True,51.0,2.0,0.2764160633087158,280,140,28,4,136,112,0.5857142857142857,0.875,0.2,0.32558139534883723,0.9714285714285714,0.5857142857142857,0.5624686479568481,0.699402928352356,0.7509863972663879
old_untouched_test,True,51.0,5.0,0.029132723808288574,700,350,344,57,293,6,0.91,0.85785536159601,0.9828571428571429,0.9161118508655126,0.8371428571428572,0.91,0.5667436718940735,0.7053057551383972,0.7535503506660461
new_board_test,False,49.0,0.5,0.127205491065979,10066,0,0,0,10066,0,1.0,,,,1.0,,0.565220057964325,0.7048833966255188,0.6927825212478638
new_board_test,False,49.0,2.0,0.2782410979270935,10051,0,0,0,10051,0,1.0,,,,1.0,,0.5799547433853149,0.7252598404884338,0.6975810527801514
new_board_test,False,49.0,5.0,0.5790724754333496,10021,0,0,0,10021,0,1.0,,,,1.0,,0.581425666809082,0.7244275808334351,0.6929619908332825
new_board_test,False,50.0,0.5,0.05967062711715698,10066,0,0,0,10066,0,1.0,,,,1.0,,0.565220057964325,0.7048833966255188,0.6927825212478638
new_board_test,False,50.0,2.0,0.21075528860092163,10051,0,0,0,10051,0,1.0,,,,1.0,,0.5799547433853149,0.7252598404884338,0.6975810527801514
new_board_test,False,50.0,5.0,0.3209575414657593,10021,0,0,0,10021,0,1.0,,,,1.0,,0.581425666809082,0.7244275808334351,0.6929619908332825
new_board_test,False,51.0,0.5,0.11714458465576172,10066,0,0,0,10066,0,1.0,,,,1.0,,0.565220057964325,0.7048833966255188,0.6927825212478638
new_board_test,False,51.0,2.0,0.2764160633087158,10051,0,0,0,10051,0,1.0,,,,1.0,,0.5799547433853149,0.7252598404884338,0.6975810527801514
new_board_test,False,51.0,5.0,0.029132723808288574,10021,0,0,0,10021,0,1.0,,,,1.0,,0.581425666809082,0.7244275808334351,0.6929619908332825
