run_id,partition
model-11m/rep1,old_development_validation
model-11m/rep2,old_development_validation
model-11m/rep3,old_development_validation
model-129k/rep1,old_development_validation
model-129k/rep2,old_development_validation
model-129k/rep3,old_development_validation
model-17m/rep1,old_training
model-17m/rep2,old_training
model-17m/rep3,old_training
model-1_5m/rep1,old_training
model-1_5m/rep2,old_training
model-1_5m/rep3,old_training
model-25k/rep1,old_training
model-25k/rep2,old_training
model-25k/rep3,old_training
model-26m/rep1,old_training
model-26m/rep2,old_training
model-26m/rep3,old_training
model-282k/rep1,old_development_validation
model-282k/rep2,old_development_validation
model-282k/rep3,old_development_validation
model-2_2m/rep1,old_training
model-2_2m/rep2,old_training
model-2_2m/rep3,old_training
model-39k/rep1,old_untouched_test
model-39k/rep2,old_untouched_test
model-39k/rep3,old_untouched_test
model-39m/rep1,old_untouched_test
model-39m/rep2,old_untouched_test
model-39m/rep3,old_untouched_test
model-440k/rep1,old_training
model-440k/rep2,old_training
model-440k/rep3,old_training
model-58m/rep1,old_untouched_test
model-58m/rep2,old_untouched_test
model-58m/rep3,old_untouched_test
model-59k/rep1,old_untouched_test
model-59k/rep2,old_untouched_test
model-59k/rep3,old_untouched_test
model-5_1m/rep1,old_training
model-5_1m/rep2,old_training
model-5_1m/rep3,old_training
model-7_6m/rep1,old_development_validation
model-7_6m/rep2,old_development_validation
model-7_6m/rep3,old_development_validation
model-85k/rep1,old_development_validation
model-85k/rep2,old_development_validation
model-85k/rep3,old_development_validation
model-88m/rep1,old_untouched_test
model-88m/rep2,old_untouched_test
model-88m/rep3,old_untouched_test
zcu104_cnn_20261006_163039/rep1,new_board_training
zcu104_cnn_20261006_163520/rep1,new_board_training
zcu104_cnn_gradual_20261006_163859/rep1,new_board_test
